Our ISCI Code,Title,Media,Market,Length,Category,Value Prop,cj old code,Drive Link
ABQLR2630001R,HELP 02 06 24_mixdown_30 [SP],Radio,ABQ,30,Auto Accidents,,,https://drive.google.com/file/d/1-0U-WN6slqDMcsSeBkHbFzXfexUBPZhS/view?usp=sharing
ABQLR2630002R,Help Ayudame Los Reyes Radio_30 [SP],Radio,ABQ,30,Auto Accidents,,LRAL35122,https://drive.google.com/file/d/1zp_1M2p6NubuiYNo7nttwY_YOeBx91bi/view?usp=sharing
ABQLR2630003R,Los Reyes Seguro_30 [SP],Radio,ABQ,30,Auto Accidents,,LRAL35132,https://drive.google.com/file/d/183T50LW44MXWhbbLXtPMfsZJiXjUFP9W/view?usp=sharing
ABQLR2630004R,ESP Sin Estres 1_30 [SP],Radio,ABQ,30,Auto Accidents,,LRAL35348,https://drive.google.com/file/d/1vOvP_cBgCEUshGJxXFyynyWzKoJaFaWZ/view?usp=sharing
ABQLR2630005R,ESP Sin Estres 2_30 [SP],Radio,ABQ,30,Auto Accidents,,LRAL35349,https://drive.google.com/file/d/1KQIJ4qxZBaupO5r660-jg13Yq08NXYgJ/view?usp=sharing
ABQLR2630006R,MAS _mixdown_30 [SP],Radio,ABQ,30,Auto Accidents,,,https://drive.google.com/file/d/11VXttaEuIRQe_ETeX6gegMYIAQXeTYGi/view?usp=drive_link
ABQLR2615001T,Help REV25_15 [SP],TV,ABQ,15,Auto Accidents,,LRAL35159,https://drive.google.com/file/d/1PV-rnYKYnWp_j9xFbuFsnn7ofls1cCYn/view?usp=sharing
ABQLR2615002T,Big Rigs26_15,TV,ABQ,15,Trucking,Big Cases,LRAL36200,https://drive.google.com/file/d/1w5ErHTkEx90WLPL8WquZFHu1_rtW0_ah/view?usp=sharing
ABQLR2615003T,Check List26_15,TV,ABQ,15,Results,,LRAL36201,https://drive.google.com/file/d/1HKF3CBk3MpVgf84mYusmCmbmvAPaqR11/view?usp=sharing
ABQLR2615004T,Get LNR26_15,TV,ABQ,15,Auto Accidents,,LRAL36202,https://drive.google.com/file/d/12qanOwKD-Klw-hJ-2-ZXG5ayh0lv-H8J/view?usp=sharing
ABQLR2615005T,If Your Wreck26_15,TV,ABQ,15,Auto Accidents,Aggressive,LRAL36203,https://drive.google.com/file/d/1xap9Ayebzxy8N1tH7NGCp10GC6f49trH/view?usp=sharing
ABQLR2615006T,Ins Stop26_15,TV,ABQ,15,Auto Accidents,,LRAL36204,https://drive.google.com/file/d/1m3Xt4KiCKePdqYNmSAOHxpmcqYPAAwce/view?usp=sharing
ABQLR2615007T,Wreck Check 26_15,TV,ABQ,15,Auto Accidents,Aggressive,LRAL36205,https://drive.google.com/file/d/1fVvxbEIp6rM6fa4APv9cD7QqX3tbI4Ju/view?usp=sharing
ABQLR2615008T,Legal Genie 26_15,TV,ABQ,15,Brand,Experience,LRAL36206,https://drive.google.com/file/d/1G37MUBSe1LlY4ehJG2LKpf5WJl9xT8ts/view?usp=sharing
ABQLR2615009T,Done it again26_15,TV,ABQ,15,Auto Accidents,,LRAL36207,https://drive.google.com/file/d/1f4Av_RUlAXc3se3F50rPm9bJIjqH2jcI/view?usp=sharing
ABQLR2615010T,Accidents Happen Fast26_15,TV,ABQ,15,Auto Accidents,,LRAL36208,https://drive.google.com/file/d/1Lo9_eydOw-QTeFbFUAs6UzGUnljKXsFH/view?usp=sharing
ABQLR2615011T,Overnight26_15,TV,ABQ,15,Auto Accidents,,LRAL36209,https://drive.google.com/file/d/1gOAUZEa3KtGk74lGdDc-v_Q-UnS70900/view?usp=sharing
ABQLR2615012T,Weekend26_15,TV,ABQ,15,Auto Accidents,,LRAL36210,https://drive.google.com/file/d/1TTNtoQaN4ROuxmu6Ye0MswccJ40MEvfh/view?usp=sharing
ABQLR2630001T,HELP_30 [SP],TV,ABQ,30,Auto Accidents,,LRAL35037,https://drive.google.com/file/d/1jyYfWM4QMNSvamGYTIeQuc82zO-WhYol/view?usp=sharing
ABQLR2630002T,One Call_30 [SP],TV,ABQ,30,Results,Results,LRAL35038,https://drive.google.com/file/d/1VyhC7A6Hg-P2TXdjKsOQEuQbxT-WUSTg/view?usp=sharing
ABQLR2630003T,Wreck Life_30 [SP],TV,ABQ,30,Auto Accidents,Aggressive,LRAL35039,https://drive.google.com/file/d/1q99-I5dgWvmhoju3UtjQjknUvbX0G_s5/view?usp=sharing
ABQLR2630004T,505_30 [SP],TV,ABQ,30,Results,Results,LRAL35049,https://drive.google.com/file/d/18ZafMB2EgAs57zQJ0sJBVwtYxrXfn9lx/view?usp=sharing
ABQLR2630005T,Service Radio_30 [SP],TV,ABQ,30,Auto Accidents,,LRAL35082,https://drive.google.com/file/d/1-vB5cNcJY2Jc68ZkeSxfi3EIEwVptG1d/view?usp=sharing
ABQLR2630006T,Rear End_30 [SP],TV,ABQ,30,Auto Accidents,,LRAL35138,https://drive.google.com/file/d/1j8II554oq4MBV1G7AuveBKvTGzGu-ZOp/view?usp=sharing
ABQLR2630007T,MAKE THEM PAY_30 [SP],TV,ABQ,30,Results,Results,LRAL35151,https://drive.google.com/file/d/1m9Fyf0OIUv4U1-5TyCIMtFgy4lEkdQgz/view?usp=sharing
BHDLR2630001R,Rear End Flagstaff_30,Radio,BHD,30,Auto Accidents,,LRFS35137,https://drive.google.com/file/d/1W9k3JH9wlzXmkVG0TERHiRd4-I_7jEFw/view?usp=sharing
BHDLR2630002R,MAKE THEM PAY Flagstaff_30,Radio,BHD,30,Results,Results,LRFS35150,https://drive.google.com/file/d/1jyomkY60u56x8XP6325MPTatWFZ9J-Hy/view?usp=sharing
BHDLR2630003R,YUMA LAW_30,Radio,BHD,30,Local,Local,LRYM35019,https://drive.google.com/file/d/1Dg-N-pDUwwAKuprnVKlJBNsuZRRmhi2Q/view?usp=sharing
CHILR2630001R,CHI2 LAW_30,Radio,CHI,30,Brand,,LRCH35023,https://drive.google.com/file/d/1RoQEGWfXenystFnARApNbO_6KYQyaiEM/view?usp=sharing
CHILR2630002R,Service Radio_30,Radio,CHI,30,Auto Accidents,,LRCH35083,https://drive.google.com/file/d/1zHAmIYEFatKB-1vmFwmgH2neelepEuoX/view?usp=sharing
CHILR2630003R,Rear End_30,Radio,CHI,30,Auto Accidents,,LRCH35141,https://drive.google.com/file/d/1jeWY56ZoZxSyOl2s3YIOUvzaCRV3f9B9/view?usp=sharing
CHILR2630004R,MAKE THEM PAY_30,Radio,CHI,30,Results,Results,LRCH35154,https://drive.google.com/file/d/1Yn2_tblgncRcYNtIdNbv8CItVUhqEMf0/view?usp=sharing
CHILR2605001T,CHI_0523_05,TV,CHI,05,Auto Accidents,,LRCH31375,https://drive.google.com/file/d/1pg6V5U2QWdczEDDUp2GeOgCJ4h93p81U/view
CHILR2615001T,Big Rigs23_15,TV,CHI,15,Trucking,Big Cases,LRCH34017,https://drive.google.com/file/d/1fXKk5yuTeQEfkkJlK1AOAAr7OqKRrgid/view
CHILR2615002T,Big Rigs23_BLK_15,TV,CHI,15,Trucking,Big Cases,LRCH34018,https://drive.google.com/file/d/1YekAwYqKBT2IkibyqnsRsKbP0wFCsch9/view
CHILR2615003T,Check List_15,TV,CHI,15,Results,,LRCH34025,https://drive.google.com/file/d/12RD6CrdfPoeq6DEBTG6q8u0Va8NQfnBy/view
CHILR2615004T,Check List_BLK_15,TV,CHI,15,Results,,LRCH34026,https://drive.google.com/file/d/18GwqFqQs7248HEfjG6-h22GiTE_qyLmY/view
CHILR2615005T,Settlements2_15,TV,CHI,15,Results,Results,LRCH34111,https://drive.google.com/file/d/1hGWvQXcTFO9oMvW8iELf_MFWQaEwVX49/view
CHILR2615006T,Settlements2_15,TV,CHI,15,Results,Results,LRCH34112,https://drive.google.com/file/d/1af0I6o0JgBtCZyNzh2BA80ezuCw6_zUX/view
CHILR2615007T,Ins Stop_15,TV,CHI,15,Auto Accidents,,LRCH35056,https://drive.google.com/file/d/1z0YJMj94bQmvv-Xi9gi5bNMmwk70JB36/view?usp=sharing
CHILR2615008T,Ins Stop_15,TV,CHI,15,Auto Accidents,,LRCH35057,https://drive.google.com/file/d/17M6-i1LlAKZ1yNKCzs1X3A3VfBoNot0h/view?usp=sharing
CHILR2615009T,Wreck Check_15,TV,CHI,15,Auto Accidents,Aggressive,LRCH35064,https://drive.google.com/file/d/1RewDfLkdwJ09n-G1-tZvrk-_7yabTIwZ/view?usp=sharing
CHILR2615010T,Wreck Check_15,TV,CHI,15,Auto Accidents,Aggressive,LRCH35065,https://drive.google.com/file/d/1sC8CRIN-37eSXIuttUIoUeWtgu1o65Xs/view?usp=sharing
CHILR2615011T,Weekend25_15,TV,CHI,15,Auto Accidents,,LRCH35072,https://drive.google.com/file/d/1d3iFx3jnDvLS2X5GyVuWC1hFdcBo534Q/view?usp=sharing
CHILR2615012T,Weekend25_15,TV,CHI,15,Auto Accidents,,LRCH35073,https://drive.google.com/file/d/1EJn64aXESEjGTcSMsLvUvpvZd4LE2TWD/view?usp=sharing
CHILR2615013T,Overnight25_15,TV,CHI,15,Auto Accidents,,LRCH35080,https://drive.google.com/file/d/1rOlPHSdWqL2-fzQ3oABuiLICNikF8UUJ/view?usp=sharing
CHILR2615014T,Overnight25_15,TV,CHI,15,Auto Accidents,,LRCH35081,https://drive.google.com/file/d/1pwx_cIIyx--0LABtCrBybGKMytB9FTzD/view?usp=sharing
CHILR2615015T,Get LNR25_15,TV,CHI,15,Auto Accidents,,LRCH35090,https://drive.google.com/file/d/1zd9wMi3-Cn1ZzduADwMjby9E-JwTM2zD/view?usp=sharing
CHILR2615016T,Get LNR25_15,TV,CHI,15,Auto Accidents,,LRCH35091,https://drive.google.com/file/d/1rtO5_RmrW3B7l95cw4hX_VqBd9w2QNca/view?usp=sharing
CHILR2615017T,If your wreck 25_15,TV,CHI,15,Auto Accidents,Aggressive,LRCH35098,https://drive.google.com/file/d/14r9av9FEILqniMPoEc8zHN1-ptVJe4xd/view?usp=sharing
CHILR2615018T,If your wreck 25_15,TV,CHI,15,Auto Accidents,Aggressive,LRCH35099,https://drive.google.com/file/d/1Tnwp8oQofAotUk2TsnD7Op41wzns1ai2/view?usp=sharing
CHILR2615019T,Tiny Check 25_15,TV,CHI,15,Results,,LRCH35106,https://drive.google.com/file/d/1sfDDXYbEPQJTX0GdRIwEMZrtrRnE642u/view?usp=sharing
CHILR2615020T,Tiny Check 25_15,TV,CHI,15,Results,,LRCH35107,https://drive.google.com/file/d/1S1_pWAk_3hHQjfqGRa39TFzDccHyR7rc/view?usp=sharing
CHILR2615021T,Local26_Chicago_15,TV,CHI,15,Local,Local,LRCH36007,https://drive.google.com/file/d/1QVn8BHj9ew8em-gVH5DjDF0d9nOyXgX5/view?usp=sharing
CHILR2615022T,Local26_Chicago_15,TV,CHI,15,Local,Local,LRCH36048,https://drive.google.com/file/d/1_C_rlnm2RSK04bR-YwpDf0GXK7cN1d3j/view?usp=sharing
CHILR2615023T,Legal Genie_15,TV,CHI,15,Brand,Experience,LRCH36067,https://drive.google.com/file/d/1mS530aKCM4XYH1oYL03FYPvWd6Bxv4ns/view?usp=sharing
CHILR2615024T,Legal Genie_15,TV,CHI,15,Brand,Experience,LRCH36070,https://drive.google.com/file/d/1I7PA2hqrqlmG5G1cmpYvcam5RL97MCWn/view?usp=sharing
CHILR2615025T,Done it again_15,TV,CHI,15,Auto Accidents,,LRCH36077,https://drive.google.com/file/d/1rUf7eVxo6VXI_VAhOrnGQrFEmWsfBhwg/view?usp=sharing
CHILR2615026T,Done it again_15,TV,CHI,15,Auto Accidents,,LRCH36078,https://drive.google.com/file/d/1RZfYfS21BmLnm41zGSv7skSaz9ZwAtGd/view?usp=sharing
CHILR2615027T,Accidents Happen Fast_15,TV,CHI,15,Auto Accidents,,LRCH36085,https://drive.google.com/file/d/1aulM7APvQ9FK7LAL_v1hau99L2c0-A8R/view?usp=sharing
CHILR2615028T,Accidents Happen Fast_15,TV,CHI,15,Auto Accidents,,LRCH36088,https://drive.google.com/file/d/1r21fh62ShTigixQl1f8oZEqTC8Sbkf4Z/view?usp=sharing
FLGLR2630001R,Flagstaff Best_30,Radio,FLG,30,Brand,Experience,LRFS35048,https://drive.google.com/file/d/1U24wcodKqwc9b2VzPt0vKX0xJQjAjZJW/view?usp=sharing
FLGLR2630002R,Rear End Flagstaff_30,Radio,FLG,30,Auto Accidents,,LRFS35137,https://drive.google.com/file/d/1W9k3JH9wlzXmkVG0TERHiRd4-I_7jEFw/view?usp=sharing
FLGLR2630003R,MAKE THEM PAY Flagstaff_30,Radio,FLG,30,Results,Results,LRFS35150,https://drive.google.com/file/d/1jyomkY60u56x8XP6325MPTatWFZ9J-Hy/view?usp=sharing
FLGLR2630004R,YUMA LAW_30,Radio,FLG,30,Local,Local,LRYM35019,https://drive.google.com/file/d/1Dg-N-pDUwwAKuprnVKlJBNsuZRRmhi2Q/view?usp=sharing
LVSLR2630001R,VEGAS LAW_30,Radio,LVS,30,Local,Local,LRLV35020,https://drive.google.com/file/d/15nu1K0UcQLmoYYiMx_MDXhLj-5QMayet/view?usp=sharing
LVSLR2630002R,Rear End_30,Radio,LVS,30,Auto Accidents,,LRLV35139,https://drive.google.com/file/d/1qGMCxlZfzPrVvixjObtBzlSTrYS9jYKL/view?usp=sharing
LVSLR2630003R,MAKE THEM PAY_30,Radio,LVS,30,Results,Results,LRLV35152,https://drive.google.com/file/d/1hefj0YsXDfW4zp2FAnO7IHJXgft4PCh1/view?usp=sharing
LVSLR2605001T,LAS_0523_05,TV,LVS,05,Auto Accidents,,LRLV31373,https://drive.google.com/file/d/1UCmRqYMXz8WjX9W57f-YzpCg1c5dNEFv/view
LVSLR2610001T,LAS_1023_10,TV,LVS,10,Auto Accidents,,LRLV31380,https://drive.google.com/file/d/1CceoCuj1dtt-ggOumXq7mtjjMrZS-vpD/view
LVSLR2615001T,Big Rigs23_15,TV,LVS,15,Trucking,Big Cases,LRLV34015,https://drive.google.com/file/d/1KXftsJ0IwMwtfcLiSBmeZQ86iOxzCMYZ/view
LVSLR2615002T,Check List_15,TV,LVS,15,Results,,LRLV34023,https://drive.google.com/file/d/1sEeHcxF97qwO_svHzlkwCOL4hMiLYiDp/view
LVSLR2615003T,Settlements2_15,TV,LVS,15,Results,Results,LRLV34109,https://drive.google.com/file/d/1jmNWricdUf-ZC6PL0GlruupyEC5EcNiz/view
LVSLR2615004T,Ins Stop_15,TV,LVS,15,Auto Accidents,,LRLV35054,https://drive.google.com/file/d/1aAeWOHU7hWEPiSDDezkbjRRTNfVTalrX/view?usp=sharing
LVSLR2615005T,Wreck Check_15,TV,LVS,15,Auto Accidents,Aggressive,LRLV35062,https://drive.google.com/file/d/1Hsddolxeu0OgsY6hxSSXUQa1ra3drWqx/view?usp=sharing
LVSLR2615006T,Weekend25_15,TV,LVS,15,Auto Accidents,,LRLV35070,https://drive.google.com/file/d/13nXhnrHNLaYWMpK97e3jkv_ay5Vb3nf0/view?usp=sharing
LVSLR2615007T,Overnight25_15,TV,LVS,15,Auto Accidents,,LRLV35078,https://drive.google.com/file/d/1MYaNp-C890lme6T1TSM-iYdJJnbVGvuS/view?usp=sharing
LVSLR2615008T,Get LNR25_15,TV,LVS,15,Auto Accidents,,LRLV35088,https://drive.google.com/file/d/1v60qLw08TQqQOqo1WbQHmJIx3izxeHAH/view?usp=sharing
LVSLR2615009T,If your wreck 25_15,TV,LVS,15,Auto Accidents,Aggressive,LRLV35096,https://drive.google.com/file/d/1_0U4BiszoFIzb8uvyuY1KokYP5JcuSkH/view?usp=sharing
LVSLR2615010T,Tiny Check 25_15,TV,LVS,15,Results,,LRLV35104,https://drive.google.com/file/d/1ITAeVGW3SrDL1UTR-joHXu31vXioIVPS/view?usp=sharing
LVSLR2615011T,Legal Genie_15,TV,LVS,15,Brand,Experience,LRLV36065,https://drive.google.com/file/d/1pxishwXwJzm8TFHfcMIMEUHHD_zdQ0vT/view?usp=sharing
LVSLR2615012T,Done it again_15,TV,LVS,15,Auto Accidents,,LRLV36079,https://drive.google.com/file/d/1h3QbabG-yMPOyqaNIc-KRWpkNfLAoWSK/view?usp=sharing
LVSLR2615013T,Accidents Happen Fast_15,TV,LVS,15,Auto Accidents,,LRLV36089,https://drive.google.com/file/d/1Oppv0jNczlippvwcYR_P2S9cVUQPMzXw/view?usp=sharing
PHXLR2615001R,LAW 30_15,Radio,PHX,15,Brand,,LRPH35018,https://drive.google.com/file/d/1D8OZLYg7HWyKmMK1cdd6nHG_SYTu6nlK/view?usp=sharing
PHXLR2615002R,Best 30_15,Radio,PHX,15,Brand,Experience,LRPH35047,https://drive.google.com/file/d/1QxEKbY5G8d38eQvtRN15NfFxKeJLmIqh/view
PHXLR2615003R,Rear End_15,Radio,PHX,15,Auto Accidents,,LRPH35136,https://drive.google.com/file/d/1vFGnIy0yz8mKGucVuT13umArP5NmvA6p/view?usp=sharing
PHXLR2615004R,MAKE THEM PAY_15,Radio,PHX,15,Results,Results,LRPH35149,https://drive.google.com/file/d/1B422edYnF_uQZJfeD5-ZCKspeXMhE5Xz/view?usp=sharing
PHXLR2630001R,HELP /_30 [SP],Radio,PHX,30,Auto Accidents,,,https://drive.google.com/file/d/1PmyRIEwSng46HIgjG0Wv4PrUwUky48WE/view?usp=sharing
PHXLR2630002R,HELP 2025_mixdown_30 [SP],Radio,PHX,30,Auto Accidents,,,https://drive.google.com/file/d/1QfkOYsq_XHfDhia2mCdmIlxD32SCMroq/view?usp=sharing
PHXLR2630003R,HELP yaya 2025_mixdown_30 [SP],Radio,PHX,30,Auto Accidents,,,https://drive.google.com/file/d/1pd5hK16v6zEQ7rxuRsTV3kCGWsmG7B9M/view?usp=sharing
PHXLR2630004R,Help YAYA 1 esp_30 [SP],Radio,PHX,30,Auto Accidents,,LRPH35109,https://drive.google.com/file/d/1bucP-2HcRyYPiubQi6cUJvenwOjT4OtT/view?usp=sharing
PHXLR2630005R,Help YAYA 2 esp_30 [SP],Radio,PHX,30,Auto Accidents,,LRPH35110,https://drive.google.com/file/d/1psC6tWwhXI7aglQNZh3v7_26H_Gjflcq/view?usp=sharing
PHXLR2630006R,Help YAYA 3 esp_30 [SP],Radio,PHX,30,Auto Accidents,,LRPH35111,https://drive.google.com/file/d/1FIaoB0i-ObVcNRCBz4ZYJC3-tlpe7eaJ/view?usp=sharing
PHXLR2630007R,Help Ayudame LOS REYES Radio_30 [SP],Radio,PHX,30,Auto Accidents,,LRPH35123,https://drive.google.com/file/d/1ETVzLAF71yE87r3Oxs0cHTqyFN4Lzhjc/view
PHXLR2630008R,Los Reyes Seguro_30 [SP],Radio,PHX,30,Auto Accidents,,LRPH35130,https://drive.google.com/file/d/1sUtZUQwQPypHjcrkYN4wEz47jrMjnWhj/view?usp=sharing
PHXLR2630009R,ESP Sin Estres 1_30 [SP],Radio,PHX,30,Auto Accidents,,LRPH35344,https://drive.google.com/file/d/19UI86QsaXRhjkZhCMqluC6uC-nmq7agJ/view?usp=sharing
PHXLR2630010R,ESP Sin Estres 2_30 [SP],Radio,PHX,30,Auto Accidents,,LRPH35345,https://drive.google.com/file/d/1Noj_jofsM1k6phyheA07vXP7043HedkN/view?usp=sharing
PHXLR2630011R,mas dinero1_mixdown_30 [SP],Radio,PHX,30,Auto Accidents,,,https://drive.google.com/file/d/11uED40SnqcNiY5d8qxYAnxPuaOMMmHoq/view?usp=sharing
PHXLR2615001T,LRGB x1r2_15,TV,PHX,15,Auto Accidents,,LRGB35198,https://drive.google.com/file/d/1vOrPHah2v_xs82JdG1QeuOeh5Qhs2O6H/view?usp=sharing
PHXLR2615002T,LRGB x2r2_15,TV,PHX,15,Auto Accidents,,LRGB35199,https://drive.google.com/file/d/1ZoGdECYdQPNDnpm5W6uAxOFMyT9rQZYG/view?usp=sharing
PHXLR2615003T,LRGB x3r_15,TV,PHX,15,Auto Accidents,,LRGB35200,https://drive.google.com/file/d/1o261dm6AxMsg_MBAe_EpORhFF49Yqaei/view?usp=sharing
PHXLR2615004T,LRGB x4r2_15,TV,PHX,15,Auto Accidents,,LRGB35201,https://drive.google.com/file/d/1ECLmNHJOWq1EhdVa0S2r56PorHn04BEe/view?usp=sharing
PHXLR2615005T,Big Rigs23_15,TV,PHX,15,Trucking,Big Cases,LRPH34011,https://drive.google.com/file/d/1m8stbNsPLkTzLFG4PU2Sim65wtQI6N66/view
PHXLR2615006T,Check List_15,TV,PHX,15,Results,,LRPH34019,https://drive.google.com/file/d/11nZfTnEfsUDnoSkzGS2VmD2Gu86Kwn6L/view
PHXLR2615007T,Settlements2_15,TV,PHX,15,Results,Results,LRPH34105,https://drive.google.com/file/d/1UTkv8AydOLsySycsrlabAqykpwnu1Haa/view
PHXLR2615008T,Ins Stop_15,TV,PHX,15,Auto Accidents,,LRPH35050,https://drive.google.com/file/d/1xHSx-UVdv7vyp-U85hiplYJ--NHw0fvy/view?usp=sharing
PHXLR2615009T,Wreck Check_15,TV,PHX,15,Auto Accidents,Aggressive,LRPH35058,https://drive.google.com/file/d/1Bjw7d0RlDhztAUZ5f0oEjSBYuie7GNLa/view?usp=sharing
PHXLR2615010T,Weekend25_15,TV,PHX,15,Auto Accidents,,LRPH35066,https://drive.google.com/file/d/1zCpsO43er6neKiBROtpt-oMLs5e53Whz/view?usp=sharing
PHXLR2615011T,Overnight25_15,TV,PHX,15,Auto Accidents,,LRPH35074,https://drive.google.com/file/d/1jiYb4Qqf47qKIrO2OblgYrYNCG--PcBQ/view?usp=sharing
PHXLR2615012T,Get LNR25_15,TV,PHX,15,Auto Accidents,,LRPH35084,https://drive.google.com/file/d/1yEv96YYHqbYUYD1B-Ra1qFOKdScPyxY0/view?usp=sharing
PHXLR2615013T,If your wreck 25_15,TV,PHX,15,Auto Accidents,Aggressive,LRPH35092,https://drive.google.com/file/d/1W-Gg9E_ycFDnjw9aOkFFAeKsqtzdVccw/view?usp=sharing
PHXLR2615014T,Tiny Check 25_15,TV,PHX,15,Results,,LRPH35100,https://drive.google.com/file/d/1vWIGcGj-Dseuxy9_HZSvfOoTf0ue5j3E/view?usp=sharing
PHXLR2615015T,Help REV25_15 [SP],TV,PHX,15,Auto Accidents,,LRPH35157,https://drive.google.com/file/d/144bYCS-QsfyTzKgDmbaQ8deYn2IEtT9K/view?usp=sharing
PHXLR2615016T,Best 11 Years PHX2r_15,TV,PHX,15,Brand,Experience,LRPH36033,https://drive.google.com/file/d/1hhOVA62QXJthX9Rzim1MmMjz0UdV6vWY/view?usp=sharing
PHXLR2615017T,Legal Genie_15,TV,PHX,15,Brand,Experience,LRPH36061,https://drive.google.com/file/d/17GtKzh6YD8cFcjMfUUBjI8FBcswXfW8W/view?usp=sharing
PHXLR2615018T,Done it again_15,TV,PHX,15,Auto Accidents,,LRPH36071,https://drive.google.com/file/d/1CN_eyzNg4aU23C6ghOVE24rFio9GYubP/view?usp=sharing
PHXLR2615019T,Accidents Happen Fast_15,TV,PHX,15,Auto Accidents,,LRPH36081,https://drive.google.com/file/d/1zXGAk7ZAqooacuHol6vL6Ub5oXnA71bU/view?usp=sharing
RNOLR2615001T,Big Rigs23_15,TV,RNO,15,Trucking,Big Cases,LRRO34016,https://drive.google.com/file/d/1h-8vhuW8FnnrkmdMpr7bVp05SZKYQeIK/view
RNOLR2615002T,Check List_15,TV,RNO,15,Results,,LRRO34024,https://drive.google.com/file/d/1-UlIrwjrDfzywBJ8xF-OZHhqu2q-klB1/view
RNOLR2615003T,Settlements2_15,TV,RNO,15,Results,Results,LRRO34110,https://drive.google.com/file/d/16E6Rz-ztRYuuocuL8T6LPLmHgUFOito3/view
RNOLR2615004T,Ins Stop_15,TV,RNO,15,Auto Accidents,,LRRO35055,https://drive.google.com/file/d/1czuNRWo7b_cpBBHNq3dwkRCe_1J9eCwp/view?usp=sharing
RNOLR2615005T,Wreck Check_15,TV,RNO,15,Auto Accidents,Aggressive,LRRO35063,https://drive.google.com/file/d/1JktVHNY68v3keWi6kSrbWf3_1_nVpfpw/view?usp=sharing
RNOLR2615006T,Weekend25_15,TV,RNO,15,Auto Accidents,,LRRO35071,https://drive.google.com/file/d/1nDUSxtU7t6f_EaGTs1EX602H-z7kDDDl/view?usp=sharing
RNOLR2615007T,Overnight25_15,TV,RNO,15,Auto Accidents,,LRRO35079,https://drive.google.com/file/d/1L503Hla9qLnXdEVf3c8YKL9MZB5n25Dx/view?usp=sharing
RNOLR2615008T,Get LNR25_15,TV,RNO,15,Auto Accidents,,LRRO35089,https://drive.google.com/file/d/1Hoa8gkmynmQRwJftsFmscriKs_wRLaaQ/view?usp=sharing
RNOLR2615009T,If your wreck 25_15,TV,RNO,15,Auto Accidents,Aggressive,LRRO35097,https://drive.google.com/file/d/1yUBgIMZKaDvSOkyM5iohKJX4m3t31KzU/view?usp=sharing
RNOLR2615010T,Tiny Check 25_15,TV,RNO,15,Results,,LRRO35105,https://drive.google.com/file/d/1RkoZ0w7TFHZp5t7ds7koTPbqbUr3n8Sf/view?usp=sharing
RNOLR2615011T,Legal Genie_15,TV,RNO,15,Brand,Experience,LRRO36066,https://drive.google.com/file/d/1LhNZa6GQv-QbPque8u05UDI3cqumRwrN/view?usp=sharing
RNOLR2615012T,Done it again_15,TV,RNO,15,Auto Accidents,,LRRO36080,https://drive.google.com/file/d/19DiFXsrpepaC2lrFoOCKaz6OGXBK7svX/view?usp=sharing
RNOLR2615013T,Accidents Happen Fast_15,TV,RNO,15,Auto Accidents,,LRRO36090,https://drive.google.com/file/d/1fJ86Te3_z_pbZSt-1bkvkUrmVa7r_7W5/view?usp=sharing
TUCLR2615001R,LAW 30_15,Radio,TUC,15,Brand,,LRPH35018,https://drive.google.com/file/d/1D8OZLYg7HWyKmMK1cdd6nHG_SYTu6nlK/view?usp=sharing
TUCLR2615002R,Best 30_15,Radio,TUC,15,Brand,Experience,LRPH35047,https://drive.google.com/file/d/1QxEKbY5G8d38eQvtRN15NfFxKeJLmIqh/view
TUCLR2615003R,Rear End_15,Radio,TUC,15,Auto Accidents,,LRPH35136,https://drive.google.com/file/d/1vFGnIy0yz8mKGucVuT13umArP5NmvA6p/view?usp=sharing
TUCLR2615004R,MAKE THEM PAY_15,Radio,TUC,15,Results,Results,LRPH35149,https://drive.google.com/file/d/1B422edYnF_uQZJfeD5-ZCKspeXMhE5Xz/view?usp=sharing
TUCLR2630001R,HELP /_30 [SP],Radio,TUC,30,Auto Accidents,,,https://drive.google.com/file/d/1PmyRIEwSng46HIgjG0Wv4PrUwUky48WE/view?usp=sharing
TUCLR2630002R,HELP 2025_mixdown_30 [SP],Radio,TUC,30,Auto Accidents,,,https://drive.google.com/file/d/1QfkOYsq_XHfDhia2mCdmIlxD32SCMroq/view?usp=sharing
TUCLR2630003R,HELP yaya 2025_mixdown_30 [SP],Radio,TUC,30,Auto Accidents,,,https://drive.google.com/file/d/1pd5hK16v6zEQ7rxuRsTV3kCGWsmG7B9M/view?usp=sharing
TUCLR2630004R,Help Ayudame LOS REYES Radio_30 [SP],Radio,TUC,30,Auto Accidents,,LRPH35123,https://drive.google.com/file/d/1ETVzLAF71yE87r3Oxs0cHTqyFN4Lzhjc/view?usp=sharing
TUCLR2630005R,Los Reyes Seguro_30 [SP],Radio,TUC,30,Auto Accidents,,LRPH35130,https://drive.google.com/file/d/1sUtZUQwQPypHjcrkYN4wEz47jrMjnWhj/view?usp=sharing
TUCLR2630006R,ESP Sin Estres 1_30 [SP],Radio,TUC,30,Auto Accidents,,LRPH35344,https://drive.google.com/file/d/19UI86QsaXRhjkZhCMqluC6uC-nmq7agJ/view?usp=sharing
TUCLR2630007R,ESP Sin Estres 2_30 [SP],Radio,TUC,30,Auto Accidents,,LRPH35345,https://drive.google.com/file/d/1Noj_jofsM1k6phyheA07vXP7043HedkN/view?usp=sharing
TUCLR2630008R,mas dinero1_mixdown_30 [SP],Radio,TUC,30,Auto Accidents,,,https://drive.google.com/file/d/11uED40SnqcNiY5d8qxYAnxPuaOMMmHoq/view?usp=sharing
TUCLR2615001T,Big Rigs23_15,TV,TUC,15,Trucking,Big Cases,LRTU34012,https://drive.google.com/file/d/1UcWvoSBWzosWCAHaHpeaQfZwsJvFW9Th/view
TUCLR2615002T,Check List_15,TV,TUC,15,Results,,LRTU34020,https://drive.google.com/file/d/18OZRpVdfsT-Ts8LcMzdUdTPbYsP9i57t/view
TUCLR2615003T,Settlements2_15,TV,TUC,15,Results,Results,LRTU34106,https://drive.google.com/file/d/1uatGXflpcQ5vxDInadlmjC3nk5fMCkk0/view
TUCLR2615004T,Ins Stop_15,TV,TUC,15,Auto Accidents,,LRTU35051,https://drive.google.com/file/d/1Awirx41s9hAJqKEaBVsUy_hLZndI_8Xx/view?usp=sharing
TUCLR2615005T,Wreck Check_15,TV,TUC,15,Auto Accidents,Aggressive,LRTU35059,https://drive.google.com/file/d/1cJcoqscmM_oBh7g_HFuoM1qkX1pJIC3Q/view?usp=sharing
TUCLR2615006T,Weekend25_15,TV,TUC,15,Auto Accidents,,LRTU35067,https://drive.google.com/file/d/1BCWYVN6dGKiDIFCyK08dRfTA0LZv4nfi/view?usp=sharing
TUCLR2615007T,Overnight25_15,TV,TUC,15,Auto Accidents,,LRTU35075,https://drive.google.com/file/d/1F4S9FluzFrD4KoUNF-VVFr-s70bYhqWa/view?usp=sharing
TUCLR2615008T,Get LNR25_15,TV,TUC,15,Auto Accidents,,LRTU35085,https://drive.google.com/file/d/1EJWtBBouULtGqiqgyzwqC_LHK7IWusX1/view?usp=sharing
TUCLR2615009T,If your wreck 25_15,TV,TUC,15,Auto Accidents,Aggressive,LRTU35093,https://drive.google.com/file/d/1ymEfPy8J_puI2IbAnejuezWhEi7l3L9C/view?usp=sharing
TUCLR2615010T,Tiny Check 25_15,TV,TUC,15,Results,,LRTU35101,https://drive.google.com/file/d/1NyJXaVW79_NJnB_NDILNiMH2HlveR3pn/view?usp=sharing
TUCLR2615011T,Help REV25_15 [SP],TV,TUC,15,Auto Accidents,,LRTU35158,https://drive.google.com/file/d/1DCHSpsWjEcp0A6rU53ZkKNG9f2xNwgQ_/view?usp=sharing
TUCLR2615012T,Best 11 Years TUC2r_15,TV,TUC,15,Brand,Experience,LRTU36034,https://drive.google.com/file/d/1jaIDVPIuVG10iAWHTNIaBEM_c99fSUg_/view?usp=sharing
TUCLR2615013T,Legal Genie_15,TV,TUC,15,Brand,Experience,LRTU36062,https://drive.google.com/file/d/1yPSEjjxund-OpqUVvKtXFWrcmP3dzSqs/view?usp=sharing
TUCLR2615014T,Done it again_15,TV,TUC,15,Auto Accidents,,LRTU36072,https://drive.google.com/file/d/14ojyFNtRU220XRXDdC6JKdhoBwI2iCdN/view?usp=sharing
TUCLR2615015T,Accidents Happen Fast_15,TV,TUC,15,Auto Accidents,,LRTU36082,https://drive.google.com/file/d/1aLJmNuXE0Qlcjhqku9a54_k_ZNgl6Dhn/view?usp=sharing
YMALR2615001T,Big Rigs23_15,TV,YMA,15,Trucking,Big Cases,LRYM34013,https://drive.google.com/file/d/1vJXfvdAY2tD4zR4NrouSfZjFIG-GPogL/view
YMALR2615002T,Check List_15,TV,YMA,15,Results,,LRYM34021,https://drive.google.com/file/d/13xgtpTqI24ePLWldcaf8_OLDd58Fzxh7/view
YMALR2615003T,Settlements2_15,TV,YMA,15,Results,Results,LRYM34107,https://drive.google.com/file/d/16sWtppfO-2t8FQrzOpgkGlHuDvWpxzZz/view
YMALR2615004T,Ins Stop_15,TV,YMA,15,Auto Accidents,,LRYM35052,https://drive.google.com/file/d/1p_TjepoDIq6luvkoWUAYdNERNyTlHLcc/view?usp=sharing
YMALR2615005T,Wreck Check_15,TV,YMA,15,Auto Accidents,Aggressive,LRYM35060,https://drive.google.com/file/d/1CJrCqDUiC-5NLR5HRjnM1mMZZqfqZjLv/view?usp=sharing
YMALR2615006T,Weekend25_15,TV,YMA,15,Auto Accidents,,LRYM35068,https://drive.google.com/file/d/1J0SqtPIgMP0zqiGiqEOpUzZzI8m5Qa26/view?usp=sharing
YMALR2615007T,Overnight25_15,TV,YMA,15,Auto Accidents,,LRYM35076,https://drive.google.com/file/d/1zAkarqrdkH-a0QqTYPWWwcKTjH86JzYx/view?usp=sharing
YMALR2615008T,Get LNR25_15,TV,YMA,15,Auto Accidents,,LRYM35086,https://drive.google.com/file/d/1eBbuhiaSKl3ewChpF4qF9hbetIa9u-vP/view?usp=sharing
YMALR2615009T,If your wreck 25_15,TV,YMA,15,Auto Accidents,Aggressive,LRYM35094,https://drive.google.com/file/d/10i7C4MwDxHTXKGf63lYa6LD-af3d-Jke/view?usp=sharing
YMALR2615010T,Tiny Check 25_15,TV,YMA,15,Results,,LRYM35102,https://drive.google.com/file/d/18MwePyLNGk--xMRaXaOx1YdawbLTBS7l/view?usp=sharing
YMALR2615011T,Help REV25_15 [SP],TV,YMA,15,Auto Accidents,,LRYM35160,https://drive.google.com/file/d/1X00UjFu37lEY2vXJAHRteVETKjwqbYWe/view?usp=sharing
YMALR2615012T,Legal Genie_15,TV,YMA,15,Brand,Experience,LRYM36063,https://drive.google.com/file/d/1GNmsfgd3oJSkbfSMFhlC3e_jkAPlTo_V/view?usp=sharing
YMALR2615013T,Done it again_15,TV,YMA,15,Auto Accidents,,LRYM36073,https://drive.google.com/file/d/1DTAVVvFfBPwEIpM6ScCkqjcWVXhFpIFa/view?usp=sharing
YMALR2615014T,Accidents Happen Fast_15,TV,YMA,15,Auto Accidents,,LRYM36083,https://drive.google.com/file/d/1rMcU98gHBpWzF-Ta9BhedWs_ctilnSyR/view?usp=sharing
